subject,model,analysis,condition,accuracy
01,eog_ts,leaky_random_cv,FixedVideo,0.8220338983050848
01,eog_ts,leaky_random_cv,MovingVideo,0.5423728813559322
01,eog_ts,leaky_random_cv,NoVisuals,0.5720338983050848
01,eog_ts,time_decoding_loto,FixedVideo,0.2542372881355932
01,eog_ts,time_decoding_loto,MovingVideo,0.5042372881355932
01,eog_ts,time_decoding_loto,NoVisuals,0.5296610169491526
01,eog_ts,side_decoding_loto,FixedVideo,0.6949152542372882
01,eog_ts,side_decoding_loto,MovingVideo,0.4915254237288136
01,eog_ts,side_decoding_loto,NoVisuals,0.5254237288135594
01,eeg_csp,leaky_random_cv,FixedVideo,0.4788135593220339
01,eeg_csp,leaky_random_cv,MovingVideo,0.6440677966101694
01,eeg_csp,leaky_random_cv,NoVisuals,0.8813559322033898
01,eeg_csp,time_decoding_loto,FixedVideo,0.6016949152542372
01,eeg_csp,time_decoding_loto,MovingVideo,0.6822033898305084
01,eeg_csp,time_decoding_loto,NoVisuals,0.5084745762711864
01,eeg_csp,side_decoding_loto,FixedVideo,0.3898305084745763
01,eeg_csp,side_decoding_loto,MovingVideo,0.5
01,eeg_csp,side_decoding_loto,NoVisuals,0.6610169491525424
01,eeg_ts,leaky_random_cv,FixedVideo,0.8135593220338984
01,eeg_ts,leaky_random_cv,MovingVideo,0.6694915254237288
01,eeg_ts,leaky_random_cv,NoVisuals,0.8432203389830508
01,eeg_ts,time_decoding_loto,FixedVideo,0.6440677966101694
01,eeg_ts,time_decoding_loto,MovingVideo,0.6652542372881356
01,eeg_ts,time_decoding_loto,NoVisuals,0.690677966101695
01,eeg_ts,side_decoding_loto,FixedVideo,0.461864406779661
01,eeg_ts,side_decoding_loto,MovingVideo,0.4745762711864407
01,eeg_ts,side_decoding_loto,NoVisuals,0.5889830508474576
01,gazectrl_ts,leaky_random_cv,FixedVideo,0.614406779661017
01,gazectrl_ts,leaky_random_cv,MovingVideo,0.5254237288135594
01,gazectrl_ts,leaky_random_cv,NoVisuals,0.6652542372881356
01,gazectrl_ts,time_decoding_loto,FixedVideo,0.6186440677966102
01,gazectrl_ts,time_decoding_loto,MovingVideo,0.5169491525423728
01,gazectrl_ts,time_decoding_loto,NoVisuals,0.5169491525423728
01,gazectrl_ts,side_decoding_loto,FixedVideo,0.5423728813559322
01,gazectrl_ts,side_decoding_loto,MovingVideo,0.4491525423728814
01,gazectrl_ts,side_decoding_loto,NoVisuals,0.5211864406779662
03,eog_ts,leaky_random_cv,FixedVideo,0.8389830508474576
03,eog_ts,leaky_random_cv,MovingVideo,0.5847457627118644
03,eog_ts,leaky_random_cv,NoVisuals,0.4957627118644068
03,eog_ts,time_decoding_loto,FixedVideo,0.3771186440677966
03,eog_ts,time_decoding_loto,MovingVideo,0.5932203389830508
03,eog_ts,time_decoding_loto,NoVisuals,0.614406779661017
03,eog_ts,side_decoding_loto,FixedVideo,0.8135593220338984
03,eog_ts,side_decoding_loto,MovingVideo,0.538135593220339
03,eog_ts,side_decoding_loto,NoVisuals,0.4661016949152542
03,eeg_csp,leaky_random_cv,FixedVideo,0.652542372881356
03,eeg_csp,leaky_random_cv,MovingVideo,0.614406779661017
03,eeg_csp,leaky_random_cv,NoVisuals,0.4661016949152542
03,eeg_csp,time_decoding_loto,FixedVideo,0.7161016949152542
03,eeg_csp,time_decoding_loto,MovingVideo,0.6059322033898306
03,eeg_csp,time_decoding_loto,NoVisuals,0.7796610169491526
03,eeg_csp,side_decoding_loto,FixedVideo,0.2966101694915254
03,eeg_csp,side_decoding_loto,MovingVideo,0.4576271186440678
03,eeg_csp,side_decoding_loto,NoVisuals,0.3771186440677966
03,eeg_ts,leaky_random_cv,FixedVideo,0.8220338983050848
03,eeg_ts,leaky_random_cv,MovingVideo,0.6228813559322034
03,eeg_ts,leaky_random_cv,NoVisuals,0.6059322033898306
03,eeg_ts,time_decoding_loto,FixedVideo,0.6567796610169492
03,eeg_ts,time_decoding_loto,MovingVideo,0.6949152542372882
03,eeg_ts,time_decoding_loto,NoVisuals,0.8177966101694916
03,eeg_ts,side_decoding_loto,FixedVideo,0.5
03,eeg_ts,side_decoding_loto,MovingVideo,0.4025423728813559
03,eeg_ts,side_decoding_loto,NoVisuals,0.3050847457627119
03,gazectrl_ts,leaky_random_cv,FixedVideo,0.6059322033898306
03,gazectrl_ts,leaky_random_cv,MovingVideo,0.559322033898305
03,gazectrl_ts,leaky_random_cv,NoVisuals,0.5127118644067796
03,gazectrl_ts,time_decoding_loto,FixedVideo,0.5508474576271186
03,gazectrl_ts,time_decoding_loto,MovingVideo,0.5508474576271186
03,gazectrl_ts,time_decoding_loto,NoVisuals,0.5932203389830508
03,gazectrl_ts,side_decoding_loto,FixedVideo,0.5211864406779662
03,gazectrl_ts,side_decoding_loto,MovingVideo,0.4661016949152542
03,gazectrl_ts,side_decoding_loto,NoVisuals,0.4025423728813559
04,eog_ts,leaky_random_cv,FixedVideo,0.8177966101694916
04,eog_ts,leaky_random_cv,MovingTargetNoise,0.6440677966101694
04,eog_ts,leaky_random_cv,MovingVideo,0.461864406779661
04,eog_ts,leaky_random_cv,NoVisuals,0.597457627118644
04,eog_ts,time_decoding_loto,FixedVideo,0.559322033898305
04,eog_ts,time_decoding_loto,MovingTargetNoise,0.5805084745762712
04,eog_ts,time_decoding_loto,MovingVideo,0.6313559322033898
04,eog_ts,time_decoding_loto,NoVisuals,0.5847457627118644
04,eog_ts,side_decoding_loto,FixedVideo,0.7372881355932204
04,eog_ts,side_decoding_loto,MovingTargetNoise,0.6313559322033898
04,eog_ts,side_decoding_loto,MovingVideo,0.4576271186440678
04,eog_ts,side_decoding_loto,NoVisuals,0.5466101694915254
04,eeg_csp,leaky_random_cv,FixedVideo,0.5423728813559322
04,eeg_csp,leaky_random_cv,MovingTargetNoise,0.5338983050847458
04,eeg_csp,leaky_random_cv,MovingVideo,0.5847457627118644
04,eeg_csp,leaky_random_cv,NoVisuals,0.6101694915254238
04,eeg_csp,time_decoding_loto,FixedVideo,0.5211864406779662
04,eeg_csp,time_decoding_loto,MovingTargetNoise,0.5720338983050848
04,eeg_csp,time_decoding_loto,MovingVideo,0.5211864406779662
04,eeg_csp,time_decoding_loto,NoVisuals,0.4703389830508475
04,eeg_csp,side_decoding_loto,FixedVideo,0.4576271186440678
04,eeg_csp,side_decoding_loto,MovingTargetNoise,0.4872881355932203
04,eeg_csp,side_decoding_loto,MovingVideo,0.4830508474576271
04,eeg_csp,side_decoding_loto,NoVisuals,0.6101694915254238
04,eeg_ts,leaky_random_cv,FixedVideo,0.7033898305084746
04,eeg_ts,leaky_random_cv,MovingTargetNoise,0.7288135593220338
04,eeg_ts,leaky_random_cv,MovingVideo,0.673728813559322
04,eeg_ts,leaky_random_cv,NoVisuals,0.7627118644067796
04,eeg_ts,time_decoding_loto,FixedVideo,0.6694915254237288
04,eeg_ts,time_decoding_loto,MovingTargetNoise,0.7372881355932204
04,eeg_ts,time_decoding_loto,MovingVideo,0.711864406779661
04,eeg_ts,time_decoding_loto,NoVisuals,0.6652542372881356
04,eeg_ts,side_decoding_loto,FixedVideo,0.5127118644067796
04,eeg_ts,side_decoding_loto,MovingTargetNoise,0.559322033898305
04,eeg_ts,side_decoding_loto,MovingVideo,0.4661016949152542
04,eeg_ts,side_decoding_loto,NoVisuals,0.6567796610169492
04,gazectrl_ts,leaky_random_cv,FixedVideo,0.5466101694915254
04,gazectrl_ts,leaky_random_cv,MovingTargetNoise,0.5550847457627118
04,gazectrl_ts,leaky_random_cv,MovingVideo,0.5720338983050848
04,gazectrl_ts,leaky_random_cv,NoVisuals,0.5720338983050848
04,gazectrl_ts,time_decoding_loto,FixedVideo,0.5889830508474576
04,gazectrl_ts,time_decoding_loto,MovingTargetNoise,0.559322033898305
04,gazectrl_ts,time_decoding_loto,MovingVideo,0.5127118644067796
04,gazectrl_ts,time_decoding_loto,NoVisuals,0.5720338983050848
04,gazectrl_ts,side_decoding_loto,FixedVideo,0.4872881355932203
04,gazectrl_ts,side_decoding_loto,MovingTargetNoise,0.4745762711864407
04,gazectrl_ts,side_decoding_loto,MovingVideo,0.5889830508474576
04,gazectrl_ts,side_decoding_loto,NoVisuals,0.5466101694915254
07,eog_ts,leaky_random_cv,FixedVideo,0.7838983050847458
07,eog_ts,leaky_random_cv,MovingTargetNoise,0.5847457627118644
07,eog_ts,leaky_random_cv,MovingVideo,0.5932203389830508
07,eog_ts,leaky_random_cv,NoVisuals,0.5338983050847458
07,eog_ts,time_decoding_loto,FixedVideo,0.673728813559322
07,eog_ts,time_decoding_loto,MovingTargetNoise,0.5550847457627118
07,eog_ts,time_decoding_loto,MovingVideo,0.673728813559322
07,eog_ts,time_decoding_loto,NoVisuals,0.6440677966101694
07,eog_ts,side_decoding_loto,FixedVideo,0.652542372881356
07,eog_ts,side_decoding_loto,MovingTargetNoise,0.6101694915254238
07,eog_ts,side_decoding_loto,MovingVideo,0.5720338983050848
07,eog_ts,side_decoding_loto,NoVisuals,0.4830508474576271
07,eeg_csp,leaky_random_cv,FixedVideo,0.5889830508474576
07,eeg_csp,leaky_random_cv,MovingTargetNoise,0.6059322033898306
07,eeg_csp,leaky_random_cv,MovingVideo,0.5889830508474576
07,eeg_csp,leaky_random_cv,NoVisuals,0.5296610169491526
07,eeg_csp,time_decoding_loto,FixedVideo,0.6440677966101694
07,eeg_csp,time_decoding_loto,MovingTargetNoise,0.7796610169491526
07,eeg_csp,time_decoding_loto,MovingVideo,0.8940677966101694
07,eeg_csp,time_decoding_loto,NoVisuals,0.826271186440678
07,eeg_csp,side_decoding_loto,FixedVideo,0.4067796610169492
07,eeg_csp,side_decoding_loto,MovingTargetNoise,0.4576271186440678
07,eeg_csp,side_decoding_loto,MovingVideo,0.5338983050847458
07,eeg_csp,side_decoding_loto,NoVisuals,0.2669491525423729
07,eeg_ts,leaky_random_cv,FixedVideo,0.6652542372881356
07,eeg_ts,leaky_random_cv,MovingTargetNoise,0.6271186440677966
07,eeg_ts,leaky_random_cv,MovingVideo,0.690677966101695
07,eeg_ts,leaky_random_cv,NoVisuals,0.5847457627118644
07,eeg_ts,time_decoding_loto,FixedVideo,0.6864406779661016
07,eeg_ts,time_decoding_loto,MovingTargetNoise,0.8305084745762712
07,eeg_ts,time_decoding_loto,MovingVideo,0.8601694915254238
07,eeg_ts,time_decoding_loto,NoVisuals,0.826271186440678
07,eeg_ts,side_decoding_loto,FixedVideo,0.4703389830508475
07,eeg_ts,side_decoding_loto,MovingTargetNoise,0.4449152542372881
07,eeg_ts,side_decoding_loto,MovingVideo,0.4830508474576271
07,eeg_ts,side_decoding_loto,NoVisuals,0.4110169491525424
07,gazectrl_ts,leaky_random_cv,FixedVideo,0.6271186440677966
07,gazectrl_ts,leaky_random_cv,MovingTargetNoise,0.5211864406779662
07,gazectrl_ts,leaky_random_cv,MovingVideo,0.5423728813559322
07,gazectrl_ts,leaky_random_cv,NoVisuals,0.5423728813559322
07,gazectrl_ts,time_decoding_loto,FixedVideo,0.5508474576271186
07,gazectrl_ts,time_decoding_loto,MovingTargetNoise,0.597457627118644
07,gazectrl_ts,time_decoding_loto,MovingVideo,0.576271186440678
07,gazectrl_ts,time_decoding_loto,NoVisuals,0.5889830508474576
07,gazectrl_ts,side_decoding_loto,FixedVideo,0.559322033898305
07,gazectrl_ts,side_decoding_loto,MovingTargetNoise,0.5169491525423728
07,gazectrl_ts,side_decoding_loto,MovingVideo,0.5296610169491526
07,gazectrl_ts,side_decoding_loto,NoVisuals,0.4703389830508475
08,eog_ts,leaky_random_cv,FixedVideo,0.5338983050847458
08,eog_ts,leaky_random_cv,MovingTargetNoise,0.5084745762711864
08,eog_ts,leaky_random_cv,MovingVideo,0.5084745762711864
08,eog_ts,leaky_random_cv,NoVisuals,0.6101694915254238
08,eog_ts,time_decoding_loto,FixedVideo,0.6440677966101694
08,eog_ts,time_decoding_loto,MovingTargetNoise,0.6610169491525424
08,eog_ts,time_decoding_loto,MovingVideo,0.5254237288135594
08,eog_ts,time_decoding_loto,NoVisuals,0.7457627118644068
08,eog_ts,side_decoding_loto,FixedVideo,0.4279661016949153
08,eog_ts,side_decoding_loto,MovingTargetNoise,0.4110169491525424
08,eog_ts,side_decoding_loto,MovingVideo,0.4449152542372881
08,eog_ts,side_decoding_loto,NoVisuals,0.2754237288135593
08,eeg_csp,leaky_random_cv,FixedVideo,0.75
08,eeg_csp,leaky_random_cv,MovingTargetNoise,0.6228813559322034
08,eeg_csp,leaky_random_cv,MovingVideo,0.6822033898305084
08,eeg_csp,leaky_random_cv,NoVisuals,0.6949152542372882
08,eeg_csp,time_decoding_loto,FixedVideo,0.5508474576271186
08,eeg_csp,time_decoding_loto,MovingTargetNoise,0.7711864406779662
08,eeg_csp,time_decoding_loto,MovingVideo,0.5254237288135594
08,eeg_csp,time_decoding_loto,NoVisuals,0.5932203389830508
08,eeg_csp,side_decoding_loto,FixedVideo,0.690677966101695
08,eeg_csp,side_decoding_loto,MovingTargetNoise,0.5338983050847458
08,eeg_csp,side_decoding_loto,MovingVideo,0.4576271186440678
08,eeg_csp,side_decoding_loto,NoVisuals,0.538135593220339
08,eeg_ts,leaky_random_cv,FixedVideo,0.7669491525423728
08,eeg_ts,leaky_random_cv,MovingTargetNoise,0.6652542372881356
08,eeg_ts,leaky_random_cv,MovingVideo,0.6864406779661016
08,eeg_ts,leaky_random_cv,NoVisuals,0.8305084745762712
08,eeg_ts,time_decoding_loto,FixedVideo,0.614406779661017
08,eeg_ts,time_decoding_loto,MovingTargetNoise,0.6313559322033898
08,eeg_ts,time_decoding_loto,MovingVideo,0.5466101694915254
08,eeg_ts,time_decoding_loto,NoVisuals,0.5550847457627118
08,eeg_ts,side_decoding_loto,FixedVideo,0.6398305084745762
08,eeg_ts,side_decoding_loto,MovingTargetNoise,0.576271186440678
08,eeg_ts,side_decoding_loto,MovingVideo,0.597457627118644
08,eeg_ts,side_decoding_loto,NoVisuals,0.6186440677966102
08,gazectrl_ts,leaky_random_cv,FixedVideo,0.4957627118644068
08,gazectrl_ts,leaky_random_cv,MovingTargetNoise,0.6016949152542372
08,gazectrl_ts,leaky_random_cv,MovingVideo,0.5720338983050848
08,gazectrl_ts,leaky_random_cv,NoVisuals,0.6059322033898306
08,gazectrl_ts,time_decoding_loto,FixedVideo,0.559322033898305
08,gazectrl_ts,time_decoding_loto,MovingTargetNoise,0.5211864406779662
08,gazectrl_ts,time_decoding_loto,MovingVideo,0.5508474576271186
08,gazectrl_ts,time_decoding_loto,NoVisuals,0.4957627118644068
08,gazectrl_ts,side_decoding_loto,FixedVideo,0.4872881355932203
08,gazectrl_ts,side_decoding_loto,MovingTargetNoise,0.538135593220339
08,gazectrl_ts,side_decoding_loto,MovingVideo,0.4915254237288136
08,gazectrl_ts,side_decoding_loto,NoVisuals,0.5508474576271186
09,eog_ts,leaky_random_cv,FixedVideo,0.6016949152542372
09,eog_ts,leaky_random_cv,MovingTargetNoise,0.6059322033898306
09,eog_ts,leaky_random_cv,MovingVideo,0.4279661016949153
09,eog_ts,leaky_random_cv,NoVisuals,0.7966101694915254
09,eog_ts,time_decoding_loto,FixedVideo,0.5127118644067796
09,eog_ts,time_decoding_loto,MovingTargetNoise,0.6059322033898306
09,eog_ts,time_decoding_loto,MovingVideo,0.5254237288135594
09,eog_ts,time_decoding_loto,NoVisuals,0.3813559322033898
09,eog_ts,side_decoding_loto,FixedVideo,0.538135593220339
09,eog_ts,side_decoding_loto,MovingTargetNoise,0.5677966101694916
09,eog_ts,side_decoding_loto,MovingVideo,0.4025423728813559
09,eog_ts,side_decoding_loto,NoVisuals,0.7542372881355932
09,eeg_csp,leaky_random_cv,FixedVideo,0.6101694915254238
09,eeg_csp,leaky_random_cv,MovingTargetNoise,0.711864406779661
09,eeg_csp,leaky_random_cv,MovingVideo,0.7245762711864406
09,eeg_csp,leaky_random_cv,NoVisuals,0.5084745762711864
09,eeg_csp,time_decoding_loto,FixedVideo,0.6016949152542372
09,eeg_csp,time_decoding_loto,MovingTargetNoise,0.6694915254237288
09,eeg_csp,time_decoding_loto,MovingVideo,0.6694915254237288
09,eeg_csp,time_decoding_loto,NoVisuals,0.576271186440678
09,eeg_csp,side_decoding_loto,FixedVideo,0.5466101694915254
09,eeg_csp,side_decoding_loto,MovingTargetNoise,0.6271186440677966
09,eeg_csp,side_decoding_loto,MovingVideo,0.5169491525423728
09,eeg_csp,side_decoding_loto,NoVisuals,0.5338983050847458
09,eeg_ts,leaky_random_cv,FixedVideo,0.6864406779661016
09,eeg_ts,leaky_random_cv,MovingTargetNoise,0.7542372881355932
09,eeg_ts,leaky_random_cv,MovingVideo,0.7966101694915254
09,eeg_ts,leaky_random_cv,NoVisuals,0.7838983050847458
09,eeg_ts,time_decoding_loto,FixedVideo,0.5254237288135594
09,eeg_ts,time_decoding_loto,MovingTargetNoise,0.6228813559322034
09,eeg_ts,time_decoding_loto,MovingVideo,0.597457627118644
09,eeg_ts,time_decoding_loto,NoVisuals,0.5254237288135594
09,eeg_ts,side_decoding_loto,FixedVideo,0.5550847457627118
09,eeg_ts,side_decoding_loto,MovingTargetNoise,0.5805084745762712
09,eeg_ts,side_decoding_loto,MovingVideo,0.6610169491525424
09,eeg_ts,side_decoding_loto,NoVisuals,0.5508474576271186
09,gazectrl_ts,leaky_random_cv,FixedVideo,0.461864406779661
09,gazectrl_ts,leaky_random_cv,MovingTargetNoise,0.5508474576271186
09,gazectrl_ts,leaky_random_cv,MovingVideo,0.5805084745762712
09,gazectrl_ts,leaky_random_cv,NoVisuals,0.5338983050847458
09,gazectrl_ts,time_decoding_loto,FixedVideo,0.5508474576271186
09,gazectrl_ts,time_decoding_loto,MovingTargetNoise,0.5296610169491526
09,gazectrl_ts,time_decoding_loto,MovingVideo,0.5466101694915254
09,gazectrl_ts,time_decoding_loto,NoVisuals,0.5423728813559322
09,gazectrl_ts,side_decoding_loto,FixedVideo,0.4533898305084746
09,gazectrl_ts,side_decoding_loto,MovingTargetNoise,0.4872881355932203
09,gazectrl_ts,side_decoding_loto,MovingVideo,0.4872881355932203
09,gazectrl_ts,side_decoding_loto,NoVisuals,0.4491525423728814
10,eog_ts,leaky_random_cv,FixedVideo,0.5720338983050848
10,eog_ts,leaky_random_cv,MovingTargetNoise,0.4745762711864407
10,eog_ts,leaky_random_cv,MovingVideo,0.652542372881356
10,eog_ts,leaky_random_cv,NoVisuals,0.5932203389830508
10,eog_ts,time_decoding_loto,FixedVideo,0.6483050847457628
10,eog_ts,time_decoding_loto,MovingTargetNoise,0.6440677966101694
10,eog_ts,time_decoding_loto,MovingVideo,0.7584745762711864
10,eog_ts,time_decoding_loto,NoVisuals,0.614406779661017
10,eog_ts,side_decoding_loto,FixedVideo,0.4661016949152542
10,eog_ts,side_decoding_loto,MovingTargetNoise,0.3940677966101695
10,eog_ts,side_decoding_loto,MovingVideo,0.4279661016949153
10,eog_ts,side_decoding_loto,NoVisuals,0.4067796610169492
10,eeg_csp,leaky_random_cv,FixedVideo,0.538135593220339
10,eeg_csp,leaky_random_cv,MovingTargetNoise,0.6059322033898306
10,eeg_csp,leaky_random_cv,MovingVideo,0.6271186440677966
10,eeg_csp,leaky_random_cv,NoVisuals,0.5466101694915254
10,eeg_csp,time_decoding_loto,FixedVideo,0.6101694915254238
10,eeg_csp,time_decoding_loto,MovingTargetNoise,0.6949152542372882
10,eeg_csp,time_decoding_loto,MovingVideo,0.7330508474576272
10,eeg_csp,time_decoding_loto,NoVisuals,0.7033898305084746
10,eeg_csp,side_decoding_loto,FixedVideo,0.2076271186440678
10,eeg_csp,side_decoding_loto,MovingTargetNoise,0.5084745762711864
10,eeg_csp,side_decoding_loto,MovingVideo,0.4152542372881356
10,eeg_csp,side_decoding_loto,NoVisuals,0.4745762711864407
10,eeg_ts,leaky_random_cv,FixedVideo,0.5296610169491526
10,eeg_ts,leaky_random_cv,MovingTargetNoise,0.5805084745762712
10,eeg_ts,leaky_random_cv,MovingVideo,0.6440677966101694
10,eeg_ts,leaky_random_cv,NoVisuals,0.538135593220339
10,eeg_ts,time_decoding_loto,FixedVideo,0.6313559322033898
10,eeg_ts,time_decoding_loto,MovingTargetNoise,0.7838983050847458
10,eeg_ts,time_decoding_loto,MovingVideo,0.8135593220338984
10,eeg_ts,time_decoding_loto,NoVisuals,0.6440677966101694
10,eeg_ts,side_decoding_loto,FixedVideo,0.2923728813559322
10,eeg_ts,side_decoding_loto,MovingTargetNoise,0.3940677966101695
10,eeg_ts,side_decoding_loto,MovingVideo,0.4661016949152542
10,eeg_ts,side_decoding_loto,NoVisuals,0.3347457627118644
10,gazectrl_ts,leaky_random_cv,FixedVideo,0.5338983050847458
10,gazectrl_ts,leaky_random_cv,MovingTargetNoise,0.5042372881355932
10,gazectrl_ts,leaky_random_cv,MovingVideo,0.6059322033898306
10,gazectrl_ts,leaky_random_cv,NoVisuals,0.576271186440678
10,gazectrl_ts,time_decoding_loto,FixedVideo,0.5677966101694916
10,gazectrl_ts,time_decoding_loto,MovingTargetNoise,0.5466101694915254
10,gazectrl_ts,time_decoding_loto,MovingVideo,0.6059322033898306
10,gazectrl_ts,time_decoding_loto,NoVisuals,0.6101694915254238
10,gazectrl_ts,side_decoding_loto,FixedVideo,0.4661016949152542
10,gazectrl_ts,side_decoding_loto,MovingTargetNoise,0.4703389830508475
10,gazectrl_ts,side_decoding_loto,MovingVideo,0.4661016949152542
10,gazectrl_ts,side_decoding_loto,NoVisuals,0.559322033898305
11,eog_ts,leaky_random_cv,FixedVideo,0.461864406779661
11,eog_ts,leaky_random_cv,MovingTargetNoise,0.5338983050847458
11,eog_ts,leaky_random_cv,MovingVideo,0.5254237288135594
11,eog_ts,leaky_random_cv,NoVisuals,0.5
11,eog_ts,time_decoding_loto,FixedVideo,0.6101694915254238
11,eog_ts,time_decoding_loto,MovingTargetNoise,0.5677966101694916
11,eog_ts,time_decoding_loto,MovingVideo,0.5127118644067796
11,eog_ts,time_decoding_loto,NoVisuals,0.5805084745762712
11,eog_ts,side_decoding_loto,FixedVideo,0.3050847457627119
11,eog_ts,side_decoding_loto,MovingTargetNoise,0.5
11,eog_ts,side_decoding_loto,MovingVideo,0.3983050847457627
11,eog_ts,side_decoding_loto,NoVisuals,0.3559322033898305
11,eeg_csp,leaky_random_cv,FixedVideo,0.5169491525423728
11,eeg_csp,leaky_random_cv,MovingTargetNoise,0.5084745762711864
11,eeg_csp,leaky_random_cv,MovingVideo,0.6059322033898306
11,eeg_csp,leaky_random_cv,NoVisuals,0.538135593220339
11,eeg_csp,time_decoding_loto,FixedVideo,0.6779661016949152
11,eeg_csp,time_decoding_loto,MovingTargetNoise,0.7330508474576272
11,eeg_csp,time_decoding_loto,MovingVideo,0.6652542372881356
11,eeg_csp,time_decoding_loto,NoVisuals,0.652542372881356
11,eeg_csp,side_decoding_loto,FixedVideo,0.4406779661016949
11,eeg_csp,side_decoding_loto,MovingTargetNoise,0.4152542372881356
11,eeg_csp,side_decoding_loto,MovingVideo,0.4364406779661017
11,eeg_csp,side_decoding_loto,NoVisuals,0.3771186440677966
11,eeg_ts,leaky_random_cv,FixedVideo,0.5889830508474576
11,eeg_ts,leaky_random_cv,MovingTargetNoise,0.5889830508474576
11,eeg_ts,leaky_random_cv,MovingVideo,0.6949152542372882
11,eeg_ts,leaky_random_cv,NoVisuals,0.6652542372881356
11,eeg_ts,time_decoding_loto,FixedVideo,0.5932203389830508
11,eeg_ts,time_decoding_loto,MovingTargetNoise,0.6059322033898306
11,eeg_ts,time_decoding_loto,MovingVideo,0.5169491525423728
11,eeg_ts,time_decoding_loto,NoVisuals,0.6440677966101694
11,eeg_ts,side_decoding_loto,FixedVideo,0.3728813559322034
11,eeg_ts,side_decoding_loto,MovingTargetNoise,0.3686440677966102
11,eeg_ts,side_decoding_loto,MovingVideo,0.5423728813559322
11,eeg_ts,side_decoding_loto,NoVisuals,0.5084745762711864
11,gazectrl_ts,leaky_random_cv,FixedVideo,0.4830508474576271
11,gazectrl_ts,leaky_random_cv,MovingTargetNoise,0.4957627118644068
11,gazectrl_ts,leaky_random_cv,MovingVideo,0.5042372881355932
11,gazectrl_ts,leaky_random_cv,NoVisuals,0.538135593220339
11,gazectrl_ts,time_decoding_loto,FixedVideo,0.5254237288135594
11,gazectrl_ts,time_decoding_loto,MovingTargetNoise,0.5338983050847458
11,gazectrl_ts,time_decoding_loto,MovingVideo,0.5254237288135594
11,gazectrl_ts,time_decoding_loto,NoVisuals,0.4957627118644068
11,gazectrl_ts,side_decoding_loto,FixedVideo,0.4661016949152542
11,gazectrl_ts,side_decoding_loto,MovingTargetNoise,0.4788135593220339
11,gazectrl_ts,side_decoding_loto,MovingVideo,0.4957627118644068
11,gazectrl_ts,side_decoding_loto,NoVisuals,0.4661016949152542
12,eog_ts,leaky_random_cv,FixedVideo,0.6016949152542372
12,eog_ts,leaky_random_cv,MovingTargetNoise,0.6101694915254238
12,eog_ts,leaky_random_cv,MovingVideo,0.5423728813559322
12,eog_ts,leaky_random_cv,NoVisuals,0.6228813559322034
12,eog_ts,time_decoding_loto,FixedVideo,0.6864406779661016
12,eog_ts,time_decoding_loto,MovingTargetNoise,0.6440677966101694
12,eog_ts,time_decoding_loto,MovingVideo,0.8050847457627118
12,eog_ts,time_decoding_loto,NoVisuals,0.690677966101695
12,eog_ts,side_decoding_loto,FixedVideo,0.4872881355932203
12,eog_ts,side_decoding_loto,MovingTargetNoise,0.5211864406779662
12,eog_ts,side_decoding_loto,MovingVideo,0.3940677966101695
12,eog_ts,side_decoding_loto,NoVisuals,0.4788135593220339
12,eeg_csp,leaky_random_cv,FixedVideo,0.5550847457627118
12,eeg_csp,leaky_random_cv,MovingTargetNoise,0.6779661016949152
12,eeg_csp,leaky_random_cv,MovingVideo,0.5127118644067796
12,eeg_csp,leaky_random_cv,NoVisuals,0.690677966101695
12,eeg_csp,time_decoding_loto,FixedVideo,0.7033898305084746
12,eeg_csp,time_decoding_loto,MovingTargetNoise,0.8771186440677966
12,eeg_csp,time_decoding_loto,MovingVideo,0.8728813559322034
12,eeg_csp,time_decoding_loto,NoVisuals,0.8686440677966102
12,eeg_csp,side_decoding_loto,FixedVideo,0.5635593220338984
12,eeg_csp,side_decoding_loto,MovingTargetNoise,0.3389830508474576
12,eeg_csp,side_decoding_loto,MovingVideo,0.3686440677966102
12,eeg_csp,side_decoding_loto,NoVisuals,0.3516949152542373
12,eeg_ts,leaky_random_cv,FixedVideo,0.5720338983050848
12,eeg_ts,leaky_random_cv,MovingTargetNoise,0.6271186440677966
12,eeg_ts,leaky_random_cv,MovingVideo,0.6610169491525424
12,eeg_ts,leaky_random_cv,NoVisuals,0.6483050847457628
12,eeg_ts,time_decoding_loto,FixedVideo,0.7161016949152542
12,eeg_ts,time_decoding_loto,MovingTargetNoise,0.8305084745762712
12,eeg_ts,time_decoding_loto,MovingVideo,0.902542372881356
12,eeg_ts,time_decoding_loto,NoVisuals,0.7966101694915254
12,eeg_ts,side_decoding_loto,FixedVideo,0.4322033898305085
12,eeg_ts,side_decoding_loto,MovingTargetNoise,0.4194915254237288
12,eeg_ts,side_decoding_loto,MovingVideo,0.2669491525423729
12,eeg_ts,side_decoding_loto,NoVisuals,0.4364406779661017
12,gazectrl_ts,leaky_random_cv,FixedVideo,0.4745762711864407
12,gazectrl_ts,leaky_random_cv,MovingTargetNoise,0.6101694915254238
12,gazectrl_ts,leaky_random_cv,MovingVideo,0.6483050847457628
12,gazectrl_ts,leaky_random_cv,NoVisuals,0.5847457627118644
12,gazectrl_ts,time_decoding_loto,FixedVideo,0.4788135593220339
12,gazectrl_ts,time_decoding_loto,MovingTargetNoise,0.5296610169491526
12,gazectrl_ts,time_decoding_loto,MovingVideo,0.6228813559322034
12,gazectrl_ts,time_decoding_loto,NoVisuals,0.423728813559322
12,gazectrl_ts,side_decoding_loto,FixedVideo,0.4576271186440678
12,gazectrl_ts,side_decoding_loto,MovingTargetNoise,0.4915254237288136
12,gazectrl_ts,side_decoding_loto,MovingVideo,0.5296610169491526
12,gazectrl_ts,side_decoding_loto,NoVisuals,0.5084745762711864
