subject,trial,condition,eog_regression,window_s,n_windows,n_correct,ridge_alpha
01,0,MovingVideo,False,1,599,361,0.01
01,0,MovingVideo,False,2,299,194,0.01
01,0,MovingVideo,False,5,119,86,0.01
01,0,MovingVideo,False,10,59,49,0.01
01,0,MovingVideo,False,30,19,18,0.01
01,0,MovingVideo,False,60,9,9,0.01
01,1,NoVisuals,False,1,599,324,0.01
01,1,NoVisuals,False,2,299,169,0.01
01,1,NoVisuals,False,5,119,66,0.01
01,1,NoVisuals,False,10,59,36,0.01
01,1,NoVisuals,False,30,19,12,0.01
01,1,NoVisuals,False,60,9,6,0.01
01,2,FixedVideo,False,1,599,317,0.01
01,2,FixedVideo,False,2,299,170,0.01
01,2,FixedVideo,False,5,119,64,0.01
01,2,FixedVideo,False,10,59,33,0.01
01,2,FixedVideo,False,30,19,9,0.01
01,2,FixedVideo,False,60,9,6,0.01
01,3,MovingVideo,False,1,599,307,0.01
01,3,MovingVideo,False,2,299,158,0.01
01,3,MovingVideo,False,5,119,68,0.01
01,3,MovingVideo,False,10,59,37,0.01
01,3,MovingVideo,False,30,19,12,0.01
01,3,MovingVideo,False,60,9,6,0.01
01,4,NoVisuals,False,1,599,300,0.01
01,4,NoVisuals,False,2,299,159,0.01
01,4,NoVisuals,False,5,119,64,0.01
01,4,NoVisuals,False,10,59,27,0.01
01,4,NoVisuals,False,30,19,9,0.01
01,4,NoVisuals,False,60,9,4,0.01
01,5,FixedVideo,False,1,599,323,0.01
01,5,FixedVideo,False,2,299,166,0.01
01,5,FixedVideo,False,5,119,64,0.01
01,5,FixedVideo,False,10,59,37,0.01
01,5,FixedVideo,False,30,19,14,0.01
01,5,FixedVideo,False,60,9,6,0.01
01,0,MovingVideo,True,1,599,351,0.1
01,0,MovingVideo,True,2,299,189,0.1
01,0,MovingVideo,True,5,119,80,0.1
01,0,MovingVideo,True,10,59,45,0.1
01,0,MovingVideo,True,30,19,16,0.1
01,0,MovingVideo,True,60,9,8,0.1
01,1,NoVisuals,True,1,599,331,0.1
01,1,NoVisuals,True,2,299,163,0.1
01,1,NoVisuals,True,5,119,73,0.1
01,1,NoVisuals,True,10,59,39,0.1
01,1,NoVisuals,True,30,19,14,0.1
01,1,NoVisuals,True,60,9,8,0.1
01,2,FixedVideo,True,1,599,315,0.1
01,2,FixedVideo,True,2,299,171,0.1
01,2,FixedVideo,True,5,119,60,0.1
01,2,FixedVideo,True,10,59,35,0.1
01,2,FixedVideo,True,30,19,9,0.1
01,2,FixedVideo,True,60,9,8,0.1
01,3,MovingVideo,True,1,599,316,0.1
01,3,MovingVideo,True,2,299,172,0.1
01,3,MovingVideo,True,5,119,70,0.1
01,3,MovingVideo,True,10,59,35,0.1
01,3,MovingVideo,True,30,19,14,0.1
01,3,MovingVideo,True,60,9,6,0.1
01,4,NoVisuals,True,1,599,305,0.1
01,4,NoVisuals,True,2,299,165,0.1
01,4,NoVisuals,True,5,119,64,0.1
01,4,NoVisuals,True,10,59,31,0.1
01,4,NoVisuals,True,30,19,11,0.1
01,4,NoVisuals,True,60,9,6,0.1
01,5,FixedVideo,True,1,599,329,0.1
01,5,FixedVideo,True,2,299,166,0.1
01,5,FixedVideo,True,5,119,65,0.1
01,5,FixedVideo,True,10,59,37,0.1
01,5,FixedVideo,True,30,19,14,0.1
01,5,FixedVideo,True,60,9,6,0.1
03,0,MovingVideo,False,1,599,331,0.0001
03,0,MovingVideo,False,2,299,180,0.0001
03,0,MovingVideo,False,5,119,75,0.0001
03,0,MovingVideo,False,10,59,37,0.0001
03,0,MovingVideo,False,30,19,16,0.0001
03,0,MovingVideo,False,60,9,8,0.0001
03,1,NoVisuals,False,1,599,336,0.0001
03,1,NoVisuals,False,2,299,167,0.0001
03,1,NoVisuals,False,5,119,74,0.0001
03,1,NoVisuals,False,10,59,41,0.0001
03,1,NoVisuals,False,30,19,15,0.0001
03,1,NoVisuals,False,60,9,7,0.0001
03,2,FixedVideo,False,1,599,307,0.01
03,2,FixedVideo,False,2,299,169,0.01
03,2,FixedVideo,False,5,119,73,0.01
03,2,FixedVideo,False,10,59,36,0.01
03,2,FixedVideo,False,30,19,13,0.01
03,2,FixedVideo,False,60,9,6,0.01
03,3,MovingVideo,False,1,599,349,0.01
03,3,MovingVideo,False,2,299,179,0.01
03,3,MovingVideo,False,5,119,79,0.01
03,3,MovingVideo,False,10,59,38,0.01
03,3,MovingVideo,False,30,19,16,0.01
03,3,MovingVideo,False,60,9,8,0.01
03,4,NoVisuals,False,1,599,318,0.01
03,4,NoVisuals,False,2,299,164,0.01
03,4,NoVisuals,False,5,119,76,0.01
03,4,NoVisuals,False,10,59,36,0.01
03,4,NoVisuals,False,30,19,15,0.01
03,4,NoVisuals,False,60,9,7,0.01
03,5,FixedVideo,False,1,599,329,0.01
03,5,FixedVideo,False,2,299,170,0.01
03,5,FixedVideo,False,5,119,77,0.01
03,5,FixedVideo,False,10,59,42,0.01
03,5,FixedVideo,False,30,19,15,0.01
03,5,FixedVideo,False,60,9,8,0.01
03,0,MovingVideo,True,1,599,330,0.001
03,0,MovingVideo,True,2,299,178,0.001
03,0,MovingVideo,True,5,119,77,0.001
03,0,MovingVideo,True,10,59,41,0.001
03,0,MovingVideo,True,30,19,16,0.001
03,0,MovingVideo,True,60,9,8,0.001
03,1,NoVisuals,True,1,599,329,0.0001
03,1,NoVisuals,True,2,299,166,0.0001
03,1,NoVisuals,True,5,119,74,0.0001
03,1,NoVisuals,True,10,59,39,0.0001
03,1,NoVisuals,True,30,19,14,0.0001
03,1,NoVisuals,True,60,9,8,0.0001
03,2,FixedVideo,True,1,599,319,0.01
03,2,FixedVideo,True,2,299,164,0.01
03,2,FixedVideo,True,5,119,72,0.01
03,2,FixedVideo,True,10,59,38,0.01
03,2,FixedVideo,True,30,19,13,0.01
03,2,FixedVideo,True,60,9,6,0.01
03,3,MovingVideo,True,1,599,344,0.0001
03,3,MovingVideo,True,2,299,184,0.0001
03,3,MovingVideo,True,5,119,76,0.0001
03,3,MovingVideo,True,10,59,39,0.0001
03,3,MovingVideo,True,30,19,15,0.0001
03,3,MovingVideo,True,60,9,9,0.0001
03,4,NoVisuals,True,1,599,318,0.01
03,4,NoVisuals,True,2,299,166,0.01
03,4,NoVisuals,True,5,119,72,0.01
03,4,NoVisuals,True,10,59,35,0.01
03,4,NoVisuals,True,30,19,13,0.01
03,4,NoVisuals,True,60,9,7,0.01
03,5,FixedVideo,True,1,599,330,0.01
03,5,FixedVideo,True,2,299,178,0.01
03,5,FixedVideo,True,5,119,73,0.01
03,5,FixedVideo,True,10,59,39,0.01
03,5,FixedVideo,True,30,19,16,0.01
03,5,FixedVideo,True,60,9,8,0.01
04,0,MovingVideo,False,1,599,353,0.001
04,0,MovingVideo,False,2,299,175,0.001
04,0,MovingVideo,False,5,119,83,0.001
04,0,MovingVideo,False,10,59,45,0.001
04,0,MovingVideo,False,30,19,17,0.001
04,0,MovingVideo,False,60,9,9,0.001
04,1,MovingTargetNoise,False,1,599,368,0.001
04,1,MovingTargetNoise,False,2,299,188,0.001
04,1,MovingTargetNoise,False,5,119,81,0.001
04,1,MovingTargetNoise,False,10,59,42,0.001
04,1,MovingTargetNoise,False,30,19,17,0.001
04,1,MovingTargetNoise,False,60,9,9,0.001
04,2,NoVisuals,False,1,599,350,0.001
04,2,NoVisuals,False,2,299,182,0.001
04,2,NoVisuals,False,5,119,90,0.001
04,2,NoVisuals,False,10,59,50,0.001
04,2,NoVisuals,False,30,19,18,0.001
04,2,NoVisuals,False,60,9,9,0.001
04,3,FixedVideo,False,1,599,343,0.001
04,3,FixedVideo,False,2,299,175,0.001
04,3,FixedVideo,False,5,119,80,0.001
04,3,FixedVideo,False,10,59,46,0.001
04,3,FixedVideo,False,30,19,17,0.001
04,3,FixedVideo,False,60,9,9,0.001
04,4,MovingVideo,False,1,599,347,0.001
04,4,MovingVideo,False,2,299,173,0.001
04,4,MovingVideo,False,5,119,76,0.001
04,4,MovingVideo,False,10,59,42,0.001
04,4,MovingVideo,False,30,19,12,0.001
04,4,MovingVideo,False,60,9,6,0.001
04,5,MovingTargetNoise,False,1,599,301,0.001
04,5,MovingTargetNoise,False,2,299,154,0.001
04,5,MovingTargetNoise,False,5,119,58,0.001
04,5,MovingTargetNoise,False,10,59,29,0.001
04,5,MovingTargetNoise,False,30,19,6,0.001
04,5,MovingTargetNoise,False,60,9,4,0.001
04,6,NoVisuals,False,1,599,354,0.001
04,6,NoVisuals,False,2,299,190,0.001
04,6,NoVisuals,False,5,119,82,0.001
04,6,NoVisuals,False,10,59,48,0.001
04,6,NoVisuals,False,30,19,16,0.001
04,6,NoVisuals,False,60,9,9,0.001
04,7,FixedVideo,False,1,599,350,0.001
04,7,FixedVideo,False,2,299,193,0.001
04,7,FixedVideo,False,5,119,76,0.001
04,7,FixedVideo,False,10,59,40,0.001
04,7,FixedVideo,False,30,19,14,0.001
04,7,FixedVideo,False,60,9,6,0.001
04,0,MovingVideo,True,1,599,359,0.001
04,0,MovingVideo,True,2,299,181,0.001
04,0,MovingVideo,True,5,119,82,0.001
04,0,MovingVideo,True,10,59,45,0.001
04,0,MovingVideo,True,30,19,16,0.001
04,0,MovingVideo,True,60,9,9,0.001
04,1,MovingTargetNoise,True,1,599,365,0.01
04,1,MovingTargetNoise,True,2,299,192,0.01
04,1,MovingTargetNoise,True,5,119,79,0.01
04,1,MovingTargetNoise,True,10,59,40,0.01
04,1,MovingTargetNoise,True,30,19,16,0.01
04,1,MovingTargetNoise,True,60,9,9,0.01
04,2,NoVisuals,True,1,599,341,0.01
04,2,NoVisuals,True,2,299,177,0.01
04,2,NoVisuals,True,5,119,86,0.01
04,2,NoVisuals,True,10,59,46,0.01
04,2,NoVisuals,True,30,19,18,0.01
04,2,NoVisuals,True,60,9,9,0.01
04,3,FixedVideo,True,1,599,361,0.01
04,3,FixedVideo,True,2,299,181,0.01
04,3,FixedVideo,True,5,119,79,0.01
04,3,FixedVideo,True,10,59,46,0.01
04,3,FixedVideo,True,30,19,16,0.01
04,3,FixedVideo,True,60,9,9,0.01
04,4,MovingVideo,True,1,599,343,0.01
04,4,MovingVideo,True,2,299,172,0.01
04,4,MovingVideo,True,5,119,75,0.01
04,4,MovingVideo,True,10,59,37,0.01
04,4,MovingVideo,True,30,19,12,0.01
04,4,MovingVideo,True,60,9,6,0.01
04,5,MovingTargetNoise,True,1,599,289,0.01
04,5,MovingTargetNoise,True,2,299,146,0.01
04,5,MovingTargetNoise,True,5,119,55,0.01
04,5,MovingTargetNoise,True,10,59,29,0.01
04,5,MovingTargetNoise,True,30,19,5,0.01
04,5,MovingTargetNoise,True,60,9,4,0.01
04,6,NoVisuals,True,1,599,351,0.01
04,6,NoVisuals,True,2,299,189,0.01
04,6,NoVisuals,True,5,119,84,0.01
04,6,NoVisuals,True,10,59,44,0.01
04,6,NoVisuals,True,30,19,16,0.01
04,6,NoVisuals,True,60,9,8,0.01
04,7,FixedVideo,True,1,599,345,0.01
04,7,FixedVideo,True,2,299,183,0.01
04,7,FixedVideo,True,5,119,75,0.01
04,7,FixedVideo,True,10,59,39,0.01
04,7,FixedVideo,True,30,19,14,0.01
04,7,FixedVideo,True,60,9,6,0.01
07,0,MovingVideo,False,1,599,363,0.1
07,0,MovingVideo,False,2,299,193,0.1
07,0,MovingVideo,False,5,119,83,0.1
07,0,MovingVideo,False,10,59,43,0.1
07,0,MovingVideo,False,30,19,17,0.1
07,0,MovingVideo,False,60,9,9,0.1
07,1,MovingTargetNoise,False,1,599,334,0.1
07,1,MovingTargetNoise,False,2,299,185,0.1
07,1,MovingTargetNoise,False,5,119,81,0.1
07,1,MovingTargetNoise,False,10,59,43,0.1
07,1,MovingTargetNoise,False,30,19,16,0.1
07,1,MovingTargetNoise,False,60,9,8,0.1
07,2,MovingTargetNoise,False,1,599,370,0.1
07,2,MovingTargetNoise,False,2,299,198,0.1
07,2,MovingTargetNoise,False,5,119,92,0.1
07,2,MovingTargetNoise,False,10,59,49,0.1
07,2,MovingTargetNoise,False,30,19,18,0.1
07,2,MovingTargetNoise,False,60,9,9,0.1
07,3,NoVisuals,False,1,599,360,0.1
07,3,NoVisuals,False,2,299,187,0.1
07,3,NoVisuals,False,5,119,85,0.1
07,3,NoVisuals,False,10,59,44,0.1
07,3,NoVisuals,False,30,19,17,0.1
07,3,NoVisuals,False,60,9,9,0.1
07,4,FixedVideo,False,1,599,346,0.1
07,4,FixedVideo,False,2,299,182,0.1
07,4,FixedVideo,False,5,119,78,0.1
07,4,FixedVideo,False,10,59,42,0.1
07,4,FixedVideo,False,30,19,15,0.1
07,4,FixedVideo,False,60,9,8,0.1
07,5,MovingVideo,False,1,599,365,0.1
07,5,MovingVideo,False,2,299,196,0.1
07,5,MovingVideo,False,5,119,86,0.1
07,5,MovingVideo,False,10,59,49,0.1
07,5,MovingVideo,False,30,19,17,0.1
07,5,MovingVideo,False,60,9,9,0.1
07,6,NoVisuals,False,1,599,353,0.1
07,6,NoVisuals,False,2,299,187,0.1
07,6,NoVisuals,False,5,119,80,0.1
07,6,NoVisuals,False,10,59,42,0.1
07,6,NoVisuals,False,30,19,16,0.1
07,6,NoVisuals,False,60,9,8,0.1
07,7,FixedVideo,False,1,599,295,0.1
07,7,FixedVideo,False,2,299,153,0.1
07,7,FixedVideo,False,5,119,63,0.1
07,7,FixedVideo,False,10,59,30,0.1
07,7,FixedVideo,False,30,19,11,0.1
07,7,FixedVideo,False,60,9,6,0.1
07,0,MovingVideo,True,1,599,371,0.1
07,0,MovingVideo,True,2,299,202,0.1
07,0,MovingVideo,True,5,119,88,0.1
07,0,MovingVideo,True,10,59,48,0.1
07,0,MovingVideo,True,30,19,18,0.1
07,0,MovingVideo,True,60,9,9,0.1
07,1,MovingTargetNoise,True,1,599,342,0.1
07,1,MovingTargetNoise,True,2,299,181,0.1
07,1,MovingTargetNoise,True,5,119,82,0.1
07,1,MovingTargetNoise,True,10,59,40,0.1
07,1,MovingTargetNoise,True,30,19,15,0.1
07,1,MovingTargetNoise,True,60,9,8,0.1
07,2,MovingTargetNoise,True,1,599,367,0.1
07,2,MovingTargetNoise,True,2,299,187,0.1
07,2,MovingTargetNoise,True,5,119,86,0.1
07,2,MovingTargetNoise,True,10,59,51,0.1
07,2,MovingTargetNoise,True,30,19,19,0.1
07,2,MovingTargetNoise,True,60,9,9,0.1
07,3,NoVisuals,True,1,599,349,0.1
07,3,NoVisuals,True,2,299,192,0.1
07,3,NoVisuals,True,5,119,88,0.1
07,3,NoVisuals,True,10,59,44,0.1
07,3,NoVisuals,True,30,19,16,0.1
07,3,NoVisuals,True,60,9,9,0.1
07,4,FixedVideo,True,1,599,356,0.1
07,4,FixedVideo,True,2,299,185,0.1
07,4,FixedVideo,True,5,119,86,0.1
07,4,FixedVideo,True,10,59,46,0.1
07,4,FixedVideo,True,30,19,17,0.1
07,4,FixedVideo,True,60,9,8,0.1
07,5,MovingVideo,True,1,599,378,0.1
07,5,MovingVideo,True,2,299,216,0.1
07,5,MovingVideo,True,5,119,96,0.1
07,5,MovingVideo,True,10,59,52,0.1
07,5,MovingVideo,True,30,19,19,0.1
07,5,MovingVideo,True,60,9,9,0.1
07,6,NoVisuals,True,1,599,359,0.1
07,6,NoVisuals,True,2,299,200,0.1
07,6,NoVisuals,True,5,119,92,0.1
07,6,NoVisuals,True,10,59,42,0.1
07,6,NoVisuals,True,30,19,15,0.1
07,6,NoVisuals,True,60,9,9,0.1
07,7,FixedVideo,True,1,599,304,0.1
07,7,FixedVideo,True,2,299,157,0.1
07,7,FixedVideo,True,5,119,61,0.1
07,7,FixedVideo,True,10,59,32,0.1
07,7,FixedVideo,True,30,19,9,0.1
07,7,FixedVideo,True,60,9,4,0.1
08,0,MovingVideo,False,1,599,348,0.001
08,0,MovingVideo,False,2,299,167,0.001
08,0,MovingVideo,False,5,119,77,0.001
08,0,MovingVideo,False,10,59,42,0.001
08,0,MovingVideo,False,30,19,16,0.001
08,0,MovingVideo,False,60,9,8,0.001
08,1,MovingTargetNoise,False,1,599,349,0.001
08,1,MovingTargetNoise,False,2,299,180,0.001
08,1,MovingTargetNoise,False,5,119,82,0.001
08,1,MovingTargetNoise,False,10,59,45,0.001
08,1,MovingTargetNoise,False,30,19,17,0.001
08,1,MovingTargetNoise,False,60,9,9,0.001
08,2,NoVisuals,False,1,599,337,0.001
08,2,NoVisuals,False,2,299,177,0.001
08,2,NoVisuals,False,5,119,80,0.001
08,2,NoVisuals,False,10,59,40,0.001
08,2,NoVisuals,False,30,19,16,0.001
08,2,NoVisuals,False,60,9,8,0.001
08,3,FixedVideo,False,1,599,324,0.001
08,3,FixedVideo,False,2,299,171,0.001
08,3,FixedVideo,False,5,119,71,0.001
08,3,FixedVideo,False,10,59,39,0.001
08,3,FixedVideo,False,30,19,13,0.001
08,3,FixedVideo,False,60,9,5,0.001
08,4,MovingVideo,False,1,599,338,0.0001
08,4,MovingVideo,False,2,299,172,0.0001
08,4,MovingVideo,False,5,119,68,0.0001
08,4,MovingVideo,False,10,59,34,0.0001
08,4,MovingVideo,False,30,19,15,0.0001
08,4,MovingVideo,False,60,9,8,0.0001
08,5,MovingTargetNoise,False,1,599,343,0.001
08,5,MovingTargetNoise,False,2,299,188,0.001
08,5,MovingTargetNoise,False,5,119,77,0.001
08,5,MovingTargetNoise,False,10,59,40,0.001
08,5,MovingTargetNoise,False,30,19,17,0.001
08,5,MovingTargetNoise,False,60,9,8,0.001
08,6,NoVisuals,False,1,599,339,0.0001
08,6,NoVisuals,False,2,299,176,0.0001
08,6,NoVisuals,False,5,119,74,0.0001
08,6,NoVisuals,False,10,59,38,0.0001
08,6,NoVisuals,False,30,19,15,0.0001
08,6,NoVisuals,False,60,9,6,0.0001
08,7,FixedVideo,False,1,599,356,0.001
08,7,FixedVideo,False,2,299,183,0.001
08,7,FixedVideo,False,5,119,77,0.001
08,7,FixedVideo,False,10,59,39,0.001
08,7,FixedVideo,False,30,19,14,0.001
08,7,FixedVideo,False,60,9,8,0.001
08,0,MovingVideo,True,1,599,325,0.01
08,0,MovingVideo,True,2,299,169,0.01
08,0,MovingVideo,True,5,119,76,0.01
08,0,MovingVideo,True,10,59,38,0.01
08,0,MovingVideo,True,30,19,15,0.01
08,0,MovingVideo,True,60,9,8,0.01
08,1,MovingTargetNoise,True,1,599,345,0.01
08,1,MovingTargetNoise,True,2,299,187,0.01
08,1,MovingTargetNoise,True,5,119,82,0.01
08,1,MovingTargetNoise,True,10,59,42,0.01
08,1,MovingTargetNoise,True,30,19,18,0.01
08,1,MovingTargetNoise,True,60,9,9,0.01
08,2,NoVisuals,True,1,599,330,0.001
08,2,NoVisuals,True,2,299,171,0.001
08,2,NoVisuals,True,5,119,77,0.001
08,2,NoVisuals,True,10,59,39,0.001
08,2,NoVisuals,True,30,19,14,0.001
08,2,NoVisuals,True,60,9,7,0.001
08,3,FixedVideo,True,1,599,318,0.01
08,3,FixedVideo,True,2,299,163,0.01
08,3,FixedVideo,True,5,119,75,0.01
08,3,FixedVideo,True,10,59,39,0.01
08,3,FixedVideo,True,30,19,13,0.01
08,3,FixedVideo,True,60,9,5,0.01
08,4,MovingVideo,True,1,599,322,0.001
08,4,MovingVideo,True,2,299,173,0.001
08,4,MovingVideo,True,5,119,77,0.001
08,4,MovingVideo,True,10,59,36,0.001
08,4,MovingVideo,True,30,19,17,0.001
08,4,MovingVideo,True,60,9,8,0.001
08,5,MovingTargetNoise,True,1,599,349,0.01
08,5,MovingTargetNoise,True,2,299,180,0.01
08,5,MovingTargetNoise,True,5,119,79,0.01
08,5,MovingTargetNoise,True,10,59,41,0.01
08,5,MovingTargetNoise,True,30,19,17,0.01
08,5,MovingTargetNoise,True,60,9,8,0.01
08,6,NoVisuals,True,1,599,338,0.001
08,6,NoVisuals,True,2,299,169,0.001
08,6,NoVisuals,True,5,119,76,0.001
08,6,NoVisuals,True,10,59,39,0.001
08,6,NoVisuals,True,30,19,15,0.001
08,6,NoVisuals,True,60,9,6,0.001
08,7,FixedVideo,True,1,599,346,0.01
08,7,FixedVideo,True,2,299,176,0.01
08,7,FixedVideo,True,5,119,72,0.01
08,7,FixedVideo,True,10,59,41,0.01
08,7,FixedVideo,True,30,19,16,0.01
08,7,FixedVideo,True,60,9,8,0.01
09,0,MovingVideo,False,1,599,349,0.01
09,0,MovingVideo,False,2,299,188,0.01
09,0,MovingVideo,False,5,119,84,0.01
09,0,MovingVideo,False,10,59,45,0.01
09,0,MovingVideo,False,30,19,16,0.01
09,0,MovingVideo,False,60,9,9,0.01
09,1,MovingTargetNoise,False,1,599,346,0.01
09,1,MovingTargetNoise,False,2,299,176,0.01
09,1,MovingTargetNoise,False,5,119,77,0.01
09,1,MovingTargetNoise,False,10,59,43,0.01
09,1,MovingTargetNoise,False,30,19,14,0.01
09,1,MovingTargetNoise,False,60,9,8,0.01
09,2,NoVisuals,False,1,599,347,0.01
09,2,NoVisuals,False,2,299,183,0.01
09,2,NoVisuals,False,5,119,77,0.01
09,2,NoVisuals,False,10,59,39,0.01
09,2,NoVisuals,False,30,19,12,0.01
09,2,NoVisuals,False,60,9,8,0.01
09,3,FixedVideo,False,1,599,390,0.01
09,3,FixedVideo,False,2,299,198,0.01
09,3,FixedVideo,False,5,119,89,0.01
09,3,FixedVideo,False,10,59,47,0.01
09,3,FixedVideo,False,30,19,18,0.01
09,3,FixedVideo,False,60,9,9,0.01
09,4,MovingTargetNoise,False,1,599,337,0.01
09,4,MovingTargetNoise,False,2,299,183,0.01
09,4,MovingTargetNoise,False,5,119,81,0.01
09,4,MovingTargetNoise,False,10,59,43,0.01
09,4,MovingTargetNoise,False,30,19,16,0.01
09,4,MovingTargetNoise,False,60,9,8,0.01
09,5,MovingVideo,False,1,599,370,0.01
09,5,MovingVideo,False,2,299,195,0.01
09,5,MovingVideo,False,5,119,84,0.01
09,5,MovingVideo,False,10,59,41,0.01
09,5,MovingVideo,False,30,19,16,0.01
09,5,MovingVideo,False,60,9,8,0.01
09,6,NoVisuals,False,1,599,388,0.01
09,6,NoVisuals,False,2,299,213,0.01
09,6,NoVisuals,False,5,119,92,0.01
09,6,NoVisuals,False,10,59,56,0.01
09,6,NoVisuals,False,30,19,18,0.01
09,6,NoVisuals,False,60,9,8,0.01
09,7,FixedVideo,False,1,599,371,0.01
09,7,FixedVideo,False,2,299,189,0.01
09,7,FixedVideo,False,5,119,83,0.01
09,7,FixedVideo,False,10,59,45,0.01
09,7,FixedVideo,False,30,19,17,0.01
09,7,FixedVideo,False,60,9,8,0.01
09,0,MovingVideo,True,1,599,351,0.1
09,0,MovingVideo,True,2,299,196,0.1
09,0,MovingVideo,True,5,119,92,0.1
09,0,MovingVideo,True,10,59,50,0.1
09,0,MovingVideo,True,30,19,18,0.1
09,0,MovingVideo,True,60,9,9,0.1
09,1,MovingTargetNoise,True,1,599,349,0.1
09,1,MovingTargetNoise,True,2,299,171,0.1
09,1,MovingTargetNoise,True,5,119,79,0.1
09,1,MovingTargetNoise,True,10,59,46,0.1
09,1,MovingTargetNoise,True,30,19,17,0.1
09,1,MovingTargetNoise,True,60,9,9,0.1
09,2,NoVisuals,True,1,599,341,0.1
09,2,NoVisuals,True,2,299,181,0.1
09,2,NoVisuals,True,5,119,76,0.1
09,2,NoVisuals,True,10,59,38,0.1
09,2,NoVisuals,True,30,19,16,0.1
09,2,NoVisuals,True,60,9,8,0.1
09,3,FixedVideo,True,1,599,386,0.1
09,3,FixedVideo,True,2,299,207,0.1
09,3,FixedVideo,True,5,119,95,0.1
09,3,FixedVideo,True,10,59,46,0.1
09,3,FixedVideo,True,30,19,18,0.1
09,3,FixedVideo,True,60,9,9,0.1
09,4,MovingTargetNoise,True,1,599,370,0.1
09,4,MovingTargetNoise,True,2,299,185,0.1
09,4,MovingTargetNoise,True,5,119,83,0.1
09,4,MovingTargetNoise,True,10,59,41,0.1
09,4,MovingTargetNoise,True,30,19,17,0.1
09,4,MovingTargetNoise,True,60,9,8,0.1
09,5,MovingVideo,True,1,599,367,0.1
09,5,MovingVideo,True,2,299,197,0.1
09,5,MovingVideo,True,5,119,84,0.1
09,5,MovingVideo,True,10,59,40,0.1
09,5,MovingVideo,True,30,19,15,0.1
09,5,MovingVideo,True,60,9,8,0.1
09,6,NoVisuals,True,1,599,392,0.01
09,6,NoVisuals,True,2,299,213,0.01
09,6,NoVisuals,True,5,119,97,0.01
09,6,NoVisuals,True,10,59,53,0.01
09,6,NoVisuals,True,30,19,18,0.01
09,6,NoVisuals,True,60,9,9,0.01
09,7,FixedVideo,True,1,599,366,0.1
09,7,FixedVideo,True,2,299,196,0.1
09,7,FixedVideo,True,5,119,92,0.1
09,7,FixedVideo,True,10,59,50,0.1
09,7,FixedVideo,True,30,19,17,0.1
09,7,FixedVideo,True,60,9,9,0.1
10,0,MovingVideo,False,1,599,337,0.001
10,0,MovingVideo,False,2,299,176,0.001
10,0,MovingVideo,False,5,119,75,0.001
10,0,MovingVideo,False,10,59,43,0.001
10,0,MovingVideo,False,30,19,15,0.001
10,0,MovingVideo,False,60,9,9,0.001
10,1,MovingTargetNoise,False,1,599,304,0.001
10,1,MovingTargetNoise,False,2,299,148,0.001
10,1,MovingTargetNoise,False,5,119,59,0.001
10,1,MovingTargetNoise,False,10,59,34,0.001
10,1,MovingTargetNoise,False,30,19,13,0.001
10,1,MovingTargetNoise,False,60,9,5,0.001
10,2,NoVisuals,False,1,599,352,0.01
10,2,NoVisuals,False,2,299,186,0.01
10,2,NoVisuals,False,5,119,80,0.01
10,2,NoVisuals,False,10,59,42,0.01
10,2,NoVisuals,False,30,19,17,0.01
10,2,NoVisuals,False,60,9,9,0.01
10,3,MovingTargetNoise,False,1,599,332,0.001
10,3,MovingTargetNoise,False,2,299,172,0.001
10,3,MovingTargetNoise,False,5,119,77,0.001
10,3,MovingTargetNoise,False,10,59,39,0.001
10,3,MovingTargetNoise,False,30,19,13,0.001
10,3,MovingTargetNoise,False,60,9,8,0.001
10,4,FixedVideo,False,1,599,351,0.01
10,4,FixedVideo,False,2,299,172,0.01
10,4,FixedVideo,False,5,119,70,0.01
10,4,FixedVideo,False,10,59,39,0.01
10,4,FixedVideo,False,30,19,16,0.01
10,4,FixedVideo,False,60,9,8,0.01
10,5,MovingVideo,False,1,599,348,0.001
10,5,MovingVideo,False,2,299,174,0.001
10,5,MovingVideo,False,5,119,76,0.001
10,5,MovingVideo,False,10,59,38,0.001
10,5,MovingVideo,False,30,19,15,0.001
10,5,MovingVideo,False,60,9,8,0.001
10,6,NoVisuals,False,1,599,349,0.01
10,6,NoVisuals,False,2,299,196,0.01
10,6,NoVisuals,False,5,119,80,0.01
10,6,NoVisuals,False,10,59,45,0.01
10,6,NoVisuals,False,30,19,18,0.01
10,6,NoVisuals,False,60,9,9,0.01
10,7,FixedVideo,False,1,599,352,0.01
10,7,FixedVideo,False,2,299,191,0.01
10,7,FixedVideo,False,5,119,83,0.01
10,7,FixedVideo,False,10,59,47,0.01
10,7,FixedVideo,False,30,19,18,0.01
10,7,FixedVideo,False,60,9,9,0.01
10,0,MovingVideo,True,1,599,332,0.01
10,0,MovingVideo,True,2,299,172,0.01
10,0,MovingVideo,True,5,119,72,0.01
10,0,MovingVideo,True,10,59,42,0.01
10,0,MovingVideo,True,30,19,16,0.01
10,0,MovingVideo,True,60,9,9,0.01
10,1,MovingTargetNoise,True,1,599,297,0.01
10,1,MovingTargetNoise,True,2,299,149,0.01
10,1,MovingTargetNoise,True,5,119,61,0.01
10,1,MovingTargetNoise,True,10,59,33,0.01
10,1,MovingTargetNoise,True,30,19,11,0.01
10,1,MovingTargetNoise,True,60,9,5,0.01
10,2,NoVisuals,True,1,599,357,0.01
10,2,NoVisuals,True,2,299,192,0.01
10,2,NoVisuals,True,5,119,81,0.01
10,2,NoVisuals,True,10,59,42,0.01
10,2,NoVisuals,True,30,19,18,0.01
10,2,NoVisuals,True,60,9,9,0.01
10,3,MovingTargetNoise,True,1,599,348,0.01
10,3,MovingTargetNoise,True,2,299,167,0.01
10,3,MovingTargetNoise,True,5,119,74,0.01
10,3,MovingTargetNoise,True,10,59,41,0.01
10,3,MovingTargetNoise,True,30,19,13,0.01
10,3,MovingTargetNoise,True,60,9,9,0.01
10,4,FixedVideo,True,1,599,353,0.01
10,4,FixedVideo,True,2,299,181,0.01
10,4,FixedVideo,True,5,119,83,0.01
10,4,FixedVideo,True,10,59,40,0.01
10,4,FixedVideo,True,30,19,17,0.01
10,4,FixedVideo,True,60,9,8,0.01
10,5,MovingVideo,True,1,599,342,0.01
10,5,MovingVideo,True,2,299,175,0.01
10,5,MovingVideo,True,5,119,82,0.01
10,5,MovingVideo,True,10,59,41,0.01
10,5,MovingVideo,True,30,19,16,0.01
10,5,MovingVideo,True,60,9,8,0.01
10,6,NoVisuals,True,1,599,350,0.01
10,6,NoVisuals,True,2,299,190,0.01
10,6,NoVisuals,True,5,119,81,0.01
10,6,NoVisuals,True,10,59,43,0.01
10,6,NoVisuals,True,30,19,19,0.01
10,6,NoVisuals,True,60,9,9,0.01
10,7,FixedVideo,True,1,599,353,0.01
10,7,FixedVideo,True,2,299,193,0.01
10,7,FixedVideo,True,5,119,83,0.01
10,7,FixedVideo,True,10,59,42,0.01
10,7,FixedVideo,True,30,19,16,0.01
10,7,FixedVideo,True,60,9,8,0.01
11,0,MovingVideo,False,1,599,343,0.001
11,0,MovingVideo,False,2,299,183,0.001
11,0,MovingVideo,False,5,119,78,0.001
11,0,MovingVideo,False,10,59,40,0.001
11,0,MovingVideo,False,30,19,14,0.001
11,0,MovingVideo,False,60,9,8,0.001
11,1,MovingTargetNoise,False,1,599,343,0.01
11,1,MovingTargetNoise,False,2,299,182,0.01
11,1,MovingTargetNoise,False,5,119,82,0.01
11,1,MovingTargetNoise,False,10,59,39,0.01
11,1,MovingTargetNoise,False,30,19,17,0.01
11,1,MovingTargetNoise,False,60,9,8,0.01
11,2,MovingTargetNoise,False,1,599,340,0.001
11,2,MovingTargetNoise,False,2,299,177,0.001
11,2,MovingTargetNoise,False,5,119,72,0.001
11,2,MovingTargetNoise,False,10,59,40,0.001
11,2,MovingTargetNoise,False,30,19,15,0.001
11,2,MovingTargetNoise,False,60,9,6,0.001
11,3,NoVisuals,False,1,599,368,0.001
11,3,NoVisuals,False,2,299,197,0.001
11,3,NoVisuals,False,5,119,91,0.001
11,3,NoVisuals,False,10,59,47,0.001
11,3,NoVisuals,False,30,19,19,0.001
11,3,NoVisuals,False,60,9,9,0.001
11,4,FixedVideo,False,1,599,353,0.01
11,4,FixedVideo,False,2,299,181,0.01
11,4,FixedVideo,False,5,119,75,0.01
11,4,FixedVideo,False,10,59,42,0.01
11,4,FixedVideo,False,30,19,16,0.01
11,4,FixedVideo,False,60,9,7,0.01
11,5,MovingVideo,False,1,599,339,0.01
11,5,MovingVideo,False,2,299,183,0.01
11,5,MovingVideo,False,5,119,86,0.01
11,5,MovingVideo,False,10,59,44,0.01
11,5,MovingVideo,False,30,19,15,0.01
11,5,MovingVideo,False,60,9,8,0.01
11,6,NoVisuals,False,1,599,379,0.01
11,6,NoVisuals,False,2,299,202,0.01
11,6,NoVisuals,False,5,119,91,0.01
11,6,NoVisuals,False,10,59,46,0.01
11,6,NoVisuals,False,30,19,17,0.01
11,6,NoVisuals,False,60,9,9,0.01
11,7,FixedVideo,False,1,599,350,0.001
11,7,FixedVideo,False,2,299,186,0.001
11,7,FixedVideo,False,5,119,79,0.001
11,7,FixedVideo,False,10,59,45,0.001
11,7,FixedVideo,False,30,19,16,0.001
11,7,FixedVideo,False,60,9,8,0.001
11,0,MovingVideo,True,1,599,353,0.01
11,0,MovingVideo,True,2,299,181,0.01
11,0,MovingVideo,True,5,119,78,0.01
11,0,MovingVideo,True,10,59,41,0.01
11,0,MovingVideo,True,30,19,14,0.01
11,0,MovingVideo,True,60,9,9,0.01
11,1,MovingTargetNoise,True,1,599,355,0.01
11,1,MovingTargetNoise,True,2,299,188,0.01
11,1,MovingTargetNoise,True,5,119,80,0.01
11,1,MovingTargetNoise,True,10,59,40,0.01
11,1,MovingTargetNoise,True,30,19,16,0.01
11,1,MovingTargetNoise,True,60,9,7,0.01
11,2,MovingTargetNoise,True,1,599,336,0.01
11,2,MovingTargetNoise,True,2,299,180,0.01
11,2,MovingTargetNoise,True,5,119,69,0.01
11,2,MovingTargetNoise,True,10,59,36,0.01
11,2,MovingTargetNoise,True,30,19,13,0.01
11,2,MovingTargetNoise,True,60,9,7,0.01
11,3,NoVisuals,True,1,599,373,0.01
11,3,NoVisuals,True,2,299,196,0.01
11,3,NoVisuals,True,5,119,90,0.01
11,3,NoVisuals,True,10,59,49,0.01
11,3,NoVisuals,True,30,19,19,0.01
11,3,NoVisuals,True,60,9,9,0.01
11,4,FixedVideo,True,1,599,350,0.01
11,4,FixedVideo,True,2,299,176,0.01
11,4,FixedVideo,True,5,119,75,0.01
11,4,FixedVideo,True,10,59,39,0.01
11,4,FixedVideo,True,30,19,16,0.01
11,4,FixedVideo,True,60,9,8,0.01
11,5,MovingVideo,True,1,599,335,0.01
11,5,MovingVideo,True,2,299,176,0.01
11,5,MovingVideo,True,5,119,78,0.01
11,5,MovingVideo,True,10,59,41,0.01
11,5,MovingVideo,True,30,19,14,0.01
11,5,MovingVideo,True,60,9,8,0.01
11,6,NoVisuals,True,1,599,371,0.01
11,6,NoVisuals,True,2,299,197,0.01
11,6,NoVisuals,True,5,119,93,0.01
11,6,NoVisuals,True,10,59,46,0.01
11,6,NoVisuals,True,30,19,19,0.01
11,6,NoVisuals,True,60,9,9,0.01
11,7,FixedVideo,True,1,599,349,0.001
11,7,FixedVideo,True,2,299,171,0.001
11,7,FixedVideo,True,5,119,80,0.001
11,7,FixedVideo,True,10,59,45,0.001
11,7,FixedVideo,True,30,19,15,0.001
11,7,FixedVideo,True,60,9,8,0.001
12,0,MovingVideo,False,1,599,365,0.01
12,0,MovingVideo,False,2,299,181,0.01
12,0,MovingVideo,False,5,119,78,0.01
12,0,MovingVideo,False,10,59,43,0.01
12,0,MovingVideo,False,30,19,16,0.01
12,0,MovingVideo,False,60,9,8,0.01
12,1,MovingTargetNoise,False,1,599,326,0.01
12,1,MovingTargetNoise,False,2,299,167,0.01
12,1,MovingTargetNoise,False,5,119,68,0.01
12,1,MovingTargetNoise,False,10,59,39,0.01
12,1,MovingTargetNoise,False,30,19,14,0.01
12,1,MovingTargetNoise,False,60,9,7,0.01
12,2,MovingTargetNoise,False,1,599,344,0.01
12,2,MovingTargetNoise,False,2,299,187,0.01
12,2,MovingTargetNoise,False,5,119,77,0.01
12,2,MovingTargetNoise,False,10,59,45,0.01
12,2,MovingTargetNoise,False,30,19,18,0.01
12,2,MovingTargetNoise,False,60,9,9,0.01
12,3,NoVisuals,False,1,599,328,0.01
12,3,NoVisuals,False,2,299,172,0.01
12,3,NoVisuals,False,5,119,64,0.01
12,3,NoVisuals,False,10,59,34,0.01
12,3,NoVisuals,False,30,19,13,0.01
12,3,NoVisuals,False,60,9,8,0.01
12,4,FixedVideo,False,1,599,336,0.01
12,4,FixedVideo,False,2,299,184,0.01
12,4,FixedVideo,False,5,119,79,0.01
12,4,FixedVideo,False,10,59,46,0.01
12,4,FixedVideo,False,30,19,17,0.01
12,4,FixedVideo,False,60,9,9,0.01
12,5,MovingVideo,False,1,599,341,0.01
12,5,MovingVideo,False,2,299,171,0.01
12,5,MovingVideo,False,5,119,76,0.01
12,5,MovingVideo,False,10,59,40,0.01
12,5,MovingVideo,False,30,19,15,0.01
12,5,MovingVideo,False,60,9,8,0.01
12,6,NoVisuals,False,1,599,366,0.01
12,6,NoVisuals,False,2,299,201,0.01
12,6,NoVisuals,False,5,119,91,0.01
12,6,NoVisuals,False,10,59,46,0.01
12,6,NoVisuals,False,30,19,18,0.01
12,6,NoVisuals,False,60,9,9,0.01
12,7,FixedVideo,False,1,599,326,0.01
12,7,FixedVideo,False,2,299,161,0.01
12,7,FixedVideo,False,5,119,68,0.01
12,7,FixedVideo,False,10,59,31,0.01
12,7,FixedVideo,False,30,19,11,0.01
12,7,FixedVideo,False,60,9,5,0.01
12,0,MovingVideo,True,1,599,356,0.01
12,0,MovingVideo,True,2,299,171,0.01
12,0,MovingVideo,True,5,119,80,0.01
12,0,MovingVideo,True,10,59,41,0.01
12,0,MovingVideo,True,30,19,16,0.01
12,0,MovingVideo,True,60,9,8,0.01
12,1,MovingTargetNoise,True,1,599,337,0.01
12,1,MovingTargetNoise,True,2,299,172,0.01
12,1,MovingTargetNoise,True,5,119,72,0.01
12,1,MovingTargetNoise,True,10,59,41,0.01
12,1,MovingTargetNoise,True,30,19,11,0.01
12,1,MovingTargetNoise,True,60,9,7,0.01
12,2,MovingTargetNoise,True,1,599,345,0.01
12,2,MovingTargetNoise,True,2,299,186,0.01
12,2,MovingTargetNoise,True,5,119,80,0.01
12,2,MovingTargetNoise,True,10,59,43,0.01
12,2,MovingTargetNoise,True,30,19,18,0.01
12,2,MovingTargetNoise,True,60,9,8,0.01
12,3,NoVisuals,True,1,599,307,0.01
12,3,NoVisuals,True,2,299,165,0.01
12,3,NoVisuals,True,5,119,69,0.01
12,3,NoVisuals,True,10,59,36,0.01
12,3,NoVisuals,True,30,19,11,0.01
12,3,NoVisuals,True,60,9,6,0.01
12,4,FixedVideo,True,1,599,353,0.01
12,4,FixedVideo,True,2,299,196,0.01
12,4,FixedVideo,True,5,119,83,0.01
12,4,FixedVideo,True,10,59,47,0.01
12,4,FixedVideo,True,30,19,17,0.01
12,4,FixedVideo,True,60,9,9,0.01
12,5,MovingVideo,True,1,599,341,0.01
12,5,MovingVideo,True,2,299,182,0.01
12,5,MovingVideo,True,5,119,80,0.01
12,5,MovingVideo,True,10,59,41,0.01
12,5,MovingVideo,True,30,19,18,0.01
12,5,MovingVideo,True,60,9,9,0.01
12,6,NoVisuals,True,1,599,370,0.01
12,6,NoVisuals,True,2,299,203,0.01
12,6,NoVisuals,True,5,119,90,0.01
12,6,NoVisuals,True,10,59,46,0.01
12,6,NoVisuals,True,30,19,18,0.01
12,6,NoVisuals,True,60,9,9,0.01
12,7,FixedVideo,True,1,599,322,0.01
12,7,FixedVideo,True,2,299,164,0.01
12,7,FixedVideo,True,5,119,68,0.01
12,7,FixedVideo,True,10,59,34,0.01
12,7,FixedVideo,True,30,19,12,0.01
12,7,FixedVideo,True,60,9,5,0.01
